VideoId,Label
C897,26 13 11 15 22 18 20 10 19 23
Jq97,13 10 4 31 3 23 21 7 41 22
5J97,45 2 7 77 11 51 22 23 56 20
AI97,4 10 8 13 22 9 15 71 54 20
4g97,20 11 22 29 32 122 112 10 26 19
mg97,15 2 20 7 51 8 11 23 46 62
io97,30 23 11 21 45 26 2 20 51 24
Dd97,18 15 10 23 13 22 26 46 329 53
2V97,2 7 30 22 49 64 46 45 11 26
U597,13 1327 145 31 3653 112 1407 22 2287 1622
Dh97,12 31 1316 76 188 1785 37 329 79 3514
2W97,37 4 9 10 15 18 26 34 210 17
h697,20 22 15 30 11 13 26 19 2 18
dy97,31 11 195 13 62 20 64 176 623 66
A697,2 7 30 11 12 23 31 46 75 19
Kr97,11 10 1 20 22 23 0 15 27 26
RM97,3 4 13 28 10 38 33 9 6 21
zn97,31 40 23 26 11 13 10 22 163 48
I897,12 19 550 77 29 1035 51 437 122 524
YX97,0 1 26 27 10 7 23 19 48 15
xF97,70 125 14 52 376 725 266 2308 79 240
Df97,11 26 12 31 22 0 40 56 55 8
jz97,10 12 0 15 19 48 79 34 9 23
Ga97,0 1 36 489 27 7 48 19 12 185
BX97,110 329 52 492 31 1897 1464 3378 673 1169
IN97,12 0 23 31 45 312 46 61 7 75
2P97,19 48 7 2 17 0 177 1 26 30
rj97,8 13 40 26 833 3764 1731 2479 31 117
hj97,101 34 10 15 37 31 9 26 61 39
vh97,5 16 618 84 144 2370 31 239 242 533
aL97,99 13 4 1123 5 31 2068 34 3 533
TJ97,18 15 10 4 101 31 13 41 21 8
YS97,13 8 3 9 4 33 71 10 22 54
qc97,46 401 51 23 77 45 22 30 836 19
HB97,22 2370 23 30 101 302 13 40 46 67
Yb97,2 17 19 64 7 44 26 15 30 46
wg97,13 4 164 54 22 15 41 33 23 45
iH97,2 30 1638 571 113 76 75 7 45 88
w297,3 4 34 13 41 9 8 46 101 71
7h97,9 10 4 34 22 23 21 26 13 33
yE97,0 27 42 52 21 302 1560 15 863 2946
O297,23 21 26 24 22 11 13 10 49 7
s797,34 10 9 4 15 71 163 405 1560 263
vj97,26 11 22 62 61 176 8 30 6 12
Gu97,8 34 3693 550 71 1755 13 501 671 984
OQ97,20 13 66 39 26 30 49 27 181 46
fy97,30 163 15 12 13 2 67 44 58 53
Vd97,139 2479 3170 52 2406 2179 1283 2343 3360 1060
iE97,2 7 11 62 22 83 45 20 23 13
9e97,2 30 7 17 19 55 11 48 15 165
RI97,26 22 20 11 65 122 13 23 29 15
m797,12 17 39 23 50 66 15 31 46 4
4y97,22 15 13 11 21 4 18 20 26 23
V497,8 175 20 15 11 89 71 10 30 217
HZ97,23 21 24 22 11 15 115 30 28 20
hd97,0 1 19 35 42 12 11 27 10 17
wp97,23 26 13 61 21 137 22 45 20 30
bA97,31 57 40 47 117 19 7 13 30 12
fv97,3 4 6 13 11 10 54 31 38 62
gZ97,5 16 31 144 11 23 21 61 190 618
qI97,5 45 31 69 0 16 26 1 11 22
DG97,2 7 21 165 68 46 44 30 10 15
IE97,8 77 175 13 3 809 2832 741 2301 2591
yI97,23 13 21 3 40 45 64 163 22 56
Lb97,46 2 44 114 7 107 138 109 15 145
6z97,2 7 30 17 19 11 83 45 23 62
oV97,1 0 36 35 19 27 48 17 30 11
Lk97,2 41 30 110 31 10 1192 18 39 45
DC97,0 5 108 1 31 45 23 26 81 11
Zf97,23 19 0 13 21 94 53 24 1 122
fL97,0 1 35 24 23 27 15 31 21 11
dp97,0 1 27 26 15 11 7 35 29 48
rl97,13 3 4 10 9 8 41 34 40 112
PJ97,14 13 71 4 41 660 325 152 163 814
Af97,3 4 13 10 22 15 19 20 11 9
uy97,45 27 33 13 56 58 11 21 26 1560
VU97,4 13 41 10 9 26 3 33 18 137
DQ97,0 27 1 91 42 23 489 18 63 12
xb97,4 13 3 8 6 10 20 9 22 54
Ht97,160 231 45 166 9 30 238 12 21 24
t897,12 705 833 1162 814 893 174 3323 45 95
p697,11 20 22 7 32 29 23 112 122 62
h797,27 0 45 15 137 1029 51 56 4 199
eU97,34 26 570 41 23 20 21 46 181 19
eP97,12 0 46 19 23 26 45 7 10 75
T497,26 22 20 11 2 23 7 83 8 21
HH97,9 10 26 28 30 45 46 12 37 231
yN97,0 1 36 21 10 94 7 23 11 27
qk97,0 1 11 5 13 48 10 17 31 45
9A97,50 65 26 22 20 23 176 49 40 24
8a97,14 328 1437 1767 83 2896 2370 836 292 70
Dc97,0 1 5 36 185 16 144 132 4 10
5G97,0 1 5 16 64 35 44 242 17 27
rr97,3 6 130 175 8 4 3730 733 41 258
2n97,12 0 19 11 26 10 23 20 52 17
Zn97,0 1 26 19 31 24 5 37 64 10
Pw97,5 18 9 13 16 20 15 3 71 34
VM97,2 7 17 19 11 30 48 20 26 10
D797,70 0 125 52 68 31 36 418 40 12
a497,22 254 66 10 30 8 152 62 93 88
RD97,30 24 22 58 20 19 8 15 31 21
TR97,12 110 8 325 0 261 310 675 715 52
z797,5 16 31 12 57 144 618 11 61 27
J197,15 18 30 87 239 7 2 34 101 20
xp97,12 13 164 41 26 31 40 45 10 20
rq97,83 7 2 11 19 62 22 15 26 30
4i97,9 37 10 4 34 26 101 15 33 17
iU97,65 30 79 8 612 68 12 376 46 418
Mr97,0 31 12 40 11 34 20 7 70 52
CE97,4 13 3 10 54 41 9 20 21 26
xd97,10 9 34 4 22 18 26 20 23 11
2g97,12 0 10 23 15 19 17 28 26 67
sD97,0 21 1127 24 1 42 35 7 23 195
Xp97,8 41 325 353 329 833 2315 3282 3694 2592
7P97,23 57 13 65 49 27 31 24 41 30
7L97,11 20 22 176 13 18 10 29 12 26
JO97,0 13 15 27 26 18 63 34 52 11
Zu97,169 5 84 34 71 405 41 13 4 9
BW97,30 26 2 11 55 62 13 22 17 29
YG97,2 7 48 17 19 30 61 26 45 65
vS97,11 15 20 22 18 7 26 29 19 2
fu97,13 3 31 148 238 833 1332 3206 869 111
W397,4 10 41 13 71 34 9 14 169 22
ll97,8 3295 6 353 1897 111 3797 1049 843 901
Ak97,1 0 31 19 5 27 23 17 45 11
ug97,23 1 21 24 0 7 26 61 2 11
tK97,22 26 11 10 23 20 21 30 51 29
lR97,5 144 384 1 190 16 33 4 132 7
T097,0 27 1 21 93 30 64 13 8 489
s897,0 1 27 31 42 85 7 30 5 482
vW97,15 25 46 4 33 41 104 1341 44 145
Ne97,21 23 24 8 0 343 26 31 115 27
bt97,1 15 0 23 10 13 11 42 21 22
lB97,13 21 10 4 19 31 26 23 45 20
PT97,8 12 272 2503 2759 863 86 1777 445 3597
Wc97,2 7 23 83 90 75 30 15 17 165
j697,13 4 54 23 26 3 21 19 31 15
cu97,11 48 137 23 45 18 30 66 57 24
Uy97,65 31 26 49 40 45 254 113 181 66
5i97,2 7 46 44 64 19 17 15 20 22
Cw97,8 61 13 141 83 45 93 6 254 46
4f97,8 4 6 13 10 3 77 71 23 122
Xo97,328 14 405 921 2370 2896 660 362 5 977
Os97,1 0 10 7 35 19 12 15 11 26
R497,42 161 100 0 2370 179 132 64 19 670
bU97,7 2 48 11 20 30 65 21 23 26
5297,7 2 21 23 48 19 11 24 10 46
ZV97,21 23 24 26 27 13 11 115 176 15
6y97,10 9 34 4 37 22 26 23 20 15
bG97,3 13 4 9 6 10 8 33 38 28
NY97,2 48 7 0 17 30 19 489 83 58
nb97,2 7 0 12 67 30 35 5 307 23
Cb97,3 4 10 13 9 137 40 41 2753 31
lO97,22 20 11 32 29 19 122 13 10 8
1w97,2 15 23 53 76 11 7 101 30 20
7u97,19 17 2 7 20 22 30 11 345 122
Wv97,5 0 16 27 1 45 24 39 49 57
0z97,11 46 15 20 612 30 76 112 40 31
Ew97,0 1 35 19 7 2 48 24 26 6
Un97,3 4 13 10 9 6 28 38 33 22
Zw97,0 119 62 94 31 1626 117 27 102 1
eC97,12 11 2 76 7 30 31 0 75 19
eV97,8 10 0 40 27 26 550 348 733 19
0B97,10 26 395 238 1110 34 1021 254 612 40
gX97,20 22 3 122 15 2 8 7 11 23
0P97,14 2962 2004 2003 22 328 3619 814 2370 3514
Z897,20 11 22 26 4 176 13 10 29 123
3d97,23 21 24 13 49 2984 354 180 40 238
gB97,12 10 15 83 13 19 11 101 18 62
9c97,15 18 87 10 66 83 22 101 52 13
1a97,25 31 12 921 40 1354 389 550 2372 618
UT97,0 1 27 36 35 48 11 19 10 7
vv97,176 66 11 22 27 43 19 49 93 30
7S97,39 11 21 10 26 19 57 176 23 20
CU97,7 2 23 83 45 21 19 12 11 65
2z97,30 12 19 195 11 31 1 176 29 32
Nj97,0 25 1 16 337 159 48 5 35 42
x397,2 44 46 7 119 64 17 138 19 30
WB97,11 22 20 122 29 32 176 26 13 112
yK97,2 7 0 1 5 30 48 11 64 18
k897,3 6 4 13 8 10 22 20 26 45
Hn97,22 31 19 20 77 548 23 11 12 40
Ul97,373 2951 221 725 3746 2762 49 2479 31 121
8H97,5 71 328 84 144 16 169 362 405 49
so97,12 0 19 23 75 31 40 79 26 62
E497,10 15 2 4 20 9 7 12 18 53
SS97,2 62 44 19 113 17 64 119 26 7
Kz97,13 11 4 26 22 18 41 10 163 15
s297,0 1 35 19 75 337 17 42 5 25
Qm97,0 27 21 24 1 31 23 63 11 119
Q697,19 30 68 20 58 22 32 72 67 50
RR97,5 16 144 190 169 84 618 384 362 31
FO97,7 1 0 11 18 15 2 67 30 48
z297,45 51 77 2 137 23 56 7 62 11
zS97,15 23 20 2 30 7 11 21 10 22
F297,5 319 84 244 2686 301 210 1612 22 217
a197,39 66 137 18 34 22 1560 2370 1105 3224
Fk97,26 22 11 32 102 12 1327 31 122 479
YU97,7 11 20 2 15 22 29 112 122 21
kQ97,0 139 31 15 30 215 202 49 2537 52
BN97,31 40 19 11 57 22 20 7 122 10
wZ97,0 5 1 31 119 11 13 16 81 23
9Y97,20 65 50 22 256 45 10 221 19 166
mn97,15 18 22 30 26 11 13 10 20 101
XU97,2 30 19 17 1 53 7 55 0 27
to97,1061 1617 3288 2784 3496 1828 3362 681 2217 2347
vd97,8 261 1910 329 22 2925 2544 2343 564 2737
4O97,5 1612 9 319 16 14 33 175 31 163
TU97,61 254 31 12 13 3 99 163 8 45
kV97,263 154 13 45 4 10 51 15 41 26
Rx97,10 392 17 4 28 33 9 30 182 20
Lu97,5 31 696 263 833 2808 254 83 1377 814
qF97,12 49 65 165 181 79 7 0 50 39
GN97,41 13 837 1069 2063 66 3682 2122 862 2639
NU97,4 3 13 1279 41 77 137 1731 10 21
tm97,3 6 13 4 8 41 10 33 9 38
h197,139 106 34 145 117 148 2066 191 588 40
qu97,0 26 20 21 7 114 2 22 123 11
wJ97,160 46 30 77 13 113 23 2370 21 88
JQ97,0 12 31 27 42 21 19 52 15 44
cV97,181 49 42 107 26 104 7 141 45 725
qH97,9 10 37 4 34 26 22 101 7 15
9I97,26 23 20 21 24 40 176 41 22 11
ZH97,22 7 20 32 29 10 30 23 11 13
ue97,1 0 17 7 19 4 10 2 31 15
H697,13 23 10 2 7 11 62 26 41 22
OG97,325 6 20 8 26 133 16 32 11 242
dE97,32 22 576 20 49 2122 66 2370 524 8
d897,20 11 22 15 18 8 10 32 4 176
gi97,2 7 45 22 51 19 23 62 77 11
ru97,7 2 48 30 11 17 45 19 23 174
aQ97,11 20 22 176 15 13 31 57 26 66
vF97,26 23 1 7 48 21 16 17 15 13
mb97,3 13 4 6 111 1528 175 41 767 8
J397,0 1 5 185 36 12 42 7 11 2
xh97,7 2 48 45 174 11 19 17 51 31
zF97,7 30 15 2 21 13 31 23 40 77
Fp97,14 650 1406 3099 70 2412 2445 3476 2827 1604
1697,8 263 1675 2587 2924 3283 709 2794 42 3625
vn97,10 4 13 26 9 20 6 3 11 15
hU97,26 11 45 10 176 40 16 23 13 31
PE97,101 18 43 15 11 26 4 2 7 13
Iw97,2 7 19 76 17 26 46 10 30 15
rs97,7 2 19 11 17 30 20 15 10 26
iZ97,1 31 9 0 5 17 65 45 39 28
jn97,11 20 22 32 29 122 112 15 7 10
Ng97,3 4 13 6 54 10 9 8 31 2134
fP97,7 2 10 48 30 9 18 19 17 26
v297,20 22 112 11 29 4 10 32 13 26
Ae97,26 15 23 31 21 18 0 119 13 94
6N97,2 46 44 30 64 119 113 20 7 17
Rp97,0 27 1 11 30 36 20 13 31 23
s097,94 2109 192 769 80 2984 569 110 3052 131
dO97,3 13 4 10 71 22 21 175 6 8
Xz97,8 4 325 40 3 159 261 10 6 26
M997,7 19 2 48 83 85 15 0 460 5
uc97,2 7 17 48 30 19 53 10 9 4
ou97,3 4 6 13 9 37 10 71 11 38
ly97,1325 45 77 41 675 30 400 147 3197 392
Nu97,13 4 10 11 23 3 30 22 9 8
Qx97,12 0 23 11 22 19 26 45 52 31
L297,10 0 4 21 57 27 31 15 28 24
MY97,65 32 20 50 19 61 2 23 29 22
sS97,2 46 44 114 7 107 138 109 15 19
vs97,242 31 16 2058 1464 5 254 18 2990 145
hg97,3 4 13 10 9 6 38 23 41 22
Cv97,3 4 13 11 28 23 17 22 26 21
xa97,101 11 2 76 18 22 20 43 30 7
j097,7 52 724 110 40 95 53 1764 31 139
U697,0 1 6 35 2 11 13 26 3 27
w497,3 13 4 28 19 9 38 54 22 26
1I97,0 1 36 11 22 27 94 29 15 10
pY97,12 24 1009 137 836 163 3134 50 31 45
WC97,5 57 169 31 71 84 533 441 16 2068
9G97,3 13 4 9 93 10 163 117 40 26
MA97,66 20 11 26 65 50 32 29 22 211
mK97,7 2 11 10 26 20 48 17 19 15
Nn97,0 1 27 35 21 5 10 23 46 19
ri97,31 289 1491 376 99 43 1123 3024 1824 3764
P797,26 21 23 24 570 13 30 34 22 10
ZB97,22 11 20 29 23 30 19 122 32 7
D397,24 22 26 9 21 23 10 489 61 34
AA97,22 11 32 7 20 12 29 8 66 19
nr97,20 11 29 7 22 32 2 12 19 122
fW97,3 8 22 20 6 13 9 11 26 61
S697,336 117 31 749 40 2122 3803 13 45 100
5997,9 10 4 34 13 37 18 22 414 41
0897,3 4 13 6 38 9 22 10 8 28
XG97,5 16 31 84 41 0 242 2370 612 24
zb97,26 11 20 10 22 29 3 13 15 19
Cq97,6 8 3 22 11 20 77 62 539 122
uq97,3 1782 2766 2658 1002 1441 1177 3740 803 1483
co97,15 519 18 13 101 76 22 26 83 40
b397,2 7 30 11 15 22 20 13 10 55
qP97,19 23 45 22 31 27 0 21 11 53
LW97,4 3 10 9 13 38 28 33 30 8
Pe97,401 195 46 12 19 176 30 23 31 26
5N97,5 16 26 11 61 46 244 176 15 20
8W97,112 22 32 41 20 29 169 40 1411 1764
au97,3 4 13 41 6 10 2753 9 951 396
Nh97,26 11 22 20 23 13 21 176 30 623
Qa97,40 31 47 57 117 3818 137 63 7 26
rx97,3 4 6 13 8 10 9 20 38 71
hc97,0 1 5 23 21 27 11 16 7 24
G397,0 19 42 12 79 48 44 40 46 13
g697,0 1 19 27 23 12 13 4 41 33
ui97,2 7 44 46 107 15 20 11 145 23
LZ97,22 11 29 32 20 15 122 17 10 23
rm97,7 19 30 17 2 11 10 20 23 176
lv97,10 4 41 34 31 11 3 1099 26 83
yD97,1 0 27 48 11 36 19 35 42 23
5B97,19 161 13 91 61 42 242 83 155 45
yr97,3 4 6 13 10 9 38 22 41 163
Ue97,0 1 35 27 36 24 15 45 17 7
Pv97,18 5 31 144 12 0 34 210 28 384
bB97,0 12 18 56 4 34 13 83 594 45
lL97,21 23 3 24 26 115 45 13 49 65
yG97,5 4 13 9 16 14 71 38 3 83
N897,23 15 24 19 7 10 26 22 21 49
jT97,133 19 22 122 29 325 17 40 20 137
Zs97,11 22 122 19 20 29 15 64 12 18
1p97,12 19 15 23 17 401 31 176 27 11
Zz97,0 19 12 17 2 64 176 11 83 52
GY97,10 13 4 3 6 26 9 22 8 40
Y597,0 1 5 27 35 48 30 7 19 2
Hv97,3 13 4 22 11 15 99 20 176 10
2j97,0 15 12 70 22 66 52 248 40 125
dn97,12 110 13 52 31 19 30 225 11 40
r197,8 6 3 4 71 13 325 41 46 21
F097,0 45 1560 31 562 1658 24 34 133 2343
yP97,23 115 24 21 31 137 61 45 40 570
gW97,13 8 3 34 104 201 148 62 19 1731
7m97,9 37 10 4 55 13 26 33 22 30
Wy97,38 33 28 4 10 50 5 13 3 22
B697,15 67 18 38 26 140 7 13 11 23
fC97,0 1 35 2 7 48 19 30 11 53
Nq97,2 7 48 30 19 11 23 20 15 26
4G97,0 12 22 20 27 11 45 23 15 30
zB97,15 41 22 30 34 612 21 13 1731 46
Bu97,26 23 24 21 11 30 22 20 65 67
us97,0 27 1 31 400 62 30 239 110 46
Wf97,34 13 51 139 18 10 4 30 171 67
p297,8 2247 1897 2158 836 2374 1755 3024 1281 1737
Ix97,31 5 22 13 57 8 30 137 49 400
sB97,3 22 15 4 7 10 20 38 30 11
yi97,22 11 40 217 83 23 31 46 26 39
Lj97,0 1 26 5 65 11 23 31 24 18
YK97,86 1758 733 348 3041 2253 1403 3024 1692 3552
As97,4 10 9 13 34 41 15 3 40 54
WL97,0 5 26 15 1 12 69 144 42 50
yZ97,8 56 0 61 161 19 40 23 272 22
Ye97,3 4 13 22 6 38 10 9 54 23
uB97,0 26 5 1 3 13 31 69 144 11
mX97,11 9 10 30 20 22 34 4 26 23
Pp97,5 31 16 405 47 2068 61 57 40 242
FG97,133 325 54 4 41 21 8 3 13 282
GS97,13 8 22 29 41 31 20 32 26 112
p597,33 38 28 26 86 8 10 13 4 15
3497,169 5 83 71 84 362 87 405 15 30
Lm97,13 4 3 54 20 33 22 41 8 26
CZ97,3 6 4 13 8 10 38 54 22 9
OM97,2 7 5 83 30 198 144 384 4 15
O197,0 5 31 110 26 27 44 45 23 137
Gy97,4 9 10 3 22 34 210 13 71 211
EJ97,30 13 176 26 5 20 15 11 71 34
l797,1553 836 1069 1758 2374 2170 2694 2084 512 1174
pQ97,2 20 7 11 22 23 17 19 122 45
5R97,8 3 6 110 31 77 57 2984 41 20
uZ97,20 11 22 29 122 32 176 26 13 30
NQ97,11 7 4 10 15 3 13 2 26 46
2297,3 6 8 13 4 161 54 10 849 41
Kv97,2 7 15 46 23 119 64 44 11 30
km97,12 0 23 119 90 44 31 310 52 137
rv97,0 1 2 21 28 176 13 36 11 45
ZQ97,22 34 8 19 113 40 13 41 96 137
NE97,20 11 22 29 32 122 26 19 176 13
Ku97,5 489 51 45 95 12 31 7 137 64
JZ97,66 22 122 11 62 26 20 8 13 45
ap97,0 45 21 123 7 23 2 185 54 27
Mn97,8 13 41 6 22 58 176 52 206 31
0Y97,30 7 11 13 26 23 65 15 31 176
NT97,12 237 19 1284 89 45 51 137 3668 298
Ik97,8 3 34 13 4 10 9 24 22 6
yb97,175 19 40 30 13 66 41 53 176 17
rV97,849 3211 1758 501 1292 662 1332 1534 63 200
Lg97,7 2 23 45 30 12 19 41 11 17
If97,31 40 13 3 10 54 57 26 22 17
nK97,8 13 6 3 54 1731 4 10 41 22
bE97,8 648 133 77 6 62 1428 89 2682 66
v797,10 9 34 4 22 23 18 26 11 15
qC97,20 11 22 29 32 122 26 176 112 13
0W97,46 15 18 27 101 49 13 23 0 64
t397,12 79 91 18 23 164 210 15 10 21
gt97,10 13 18 37 40 9 4 15 22 64
gE97,0 1 30 27 670 42 18 52 15 31
we97,5 0 48 1 69 16 30 75 31 19
AK97,3 4 6 10 13 38 33 31 210 8
j997,5 169 13 31 1910 2370 4 84 41 54
F397,4 3 13 41 8 33 10 71 9 22
JL97,31 40 47 1731 1123 199 46 61 117 771
N797,23 45 1 26 21 24 137 15 38 13
7M97,7 2 48 45 5 61 460 50 11 174
GB97,1 15 0 11 5 13 16 21 23 57
0397,0 1 5 26 30 13 23 119 31 42
p397,45 86 137 31 65 489 15 105 2 49
AM97,3 6 4 13 10 41 110 175 45 8
m697,9 10 4 34 3 13 37 26 22 33
hi97,15 23 22 2 56 137 19 51 12 58
ss97,52 19 41 22 110 32 791 62 261 45
Yv97,23 21 24 7 20 11 10 22 31 15
I597,19 0 1 48 17 7 13 258 26 460
rf97,10 9 4 34 3 13 15 7 30 26
wx97,32 20 325 22 996 112 77 175 19 29
6097,0 1 36 94 11 23 15 22 27 13
CT97,26 22 23 11 105 20 24 29 15 21
Js97,10 34 9 4 15 11 22 7 26 23
eY97,22 11 10 20 13 62 3 9 23 26
og97,31 40 57 10 26 117 22 37 5 13
MJ97,12 0 19 401 23 31 18 45 1454 530
7Y97,3 4 13 10 38 11 22 211 6 23
qV97,7 2 30 45 90 41 11 49 26 22
gV97,0 1 19 27 36 23 17 48 185 21
KD97,8 13 175 137 122 21 101 40 19 54
Pm97,4 13 10 3 8 6 9 23 54 21
HE97,11 31 7 101 49 139 12 15 0 17
Nw97,88 26 30 15 49 31 39 239 489 65
gv97,1 0 489 13 12 27 35 23 30 45
vq97,0 1 27 11 23 45 21 617 31 1494
WK97,8 13 698 26 31 22 45 161 18 61
bq97,2 12 46 44 30 7 20 23 45 217
Km97,145 46 13 107 109 138 114 44 61 51
0y97,7 11 2 30 12 23 20 31 21 62
XI97,0 1 2 4 5 3 7 11 10 15
e097,4 3 10 9 6 13 22 21 34 37
Zk97,45 2 4 3 22 15 10 7 51 11
5a97,13 10 6 28 4 175 8 23 76 83
8G97,7 2 0 48 19 17 30 1 21 177
lm97,21 23 24 39 65 31 26 50 49 66
dP97,0 1 42 23 27 19 13 12 21 11
oT97,0 1 19 48 12 27 35 10 13 26
Fo97,101 27 148 139 0 174 170 588 137 2377
lo97,2 7 19 17 11 26 64 23 20 95
UR97,22 23 11 20 45 26 24 51 21 489
vk97,0 5 30 384 144 1 31 132 119 283
S997,20 11 22 29 32 122 112 10 7 13
fk97,53 19 58 2 18 17 45 15 22 7
F997,68 2 30 72 7 15 119 21 26 64
tD97,3 4 10 13 6 41 18 26 22 19
cy97,17 7 19 2 30 48 20 345 15 22
Xv97,21 23 7 24 65 61 2 30 104 174
yB97,12 117 362 86 49 31 482 83 5 158
3R97,37 9 4 10 19 33 55 13 20 22
U197,15 11 20 31 22 34 71 41 302 10
Ko97,306 61 2068 63 2467 13 145 862 54 163
TC97,0 1 27 18 15 24 67 35 31 58
Wo97,20 11 22 29 122 32 26 176 10 15
jD97,8 6 3 893 34 41 78 86 77 161
Ok97,163 26 45 22 9 15 232 53 30 58
5F97,0 1 27 30 19 35 48 13 42 36
xe97,11 17 31 19 0 57 10 22 7 20
3697,8 175 28 325 31 550 10 1731 208 78
2h97,2 0 1 7 48 10 17 30 19 53
p097,5 16 0 31 1 11 144 35 190 30
D197,30 58 0 15 53 7 23 20 50 49
pG97,195 342 174 31 401 145 23 63 720 460
NI97,31 50 45 101 65 725 212 24 15 2
PP97,8 34 13 1560 77 3 2753 65 9 33
ax97,41 13 4 3 10 9 21 54 22 34
Av97,23 27 21 24 45 137 349 22 2 95
Do97,4 13 41 137 8 21 85 9 28 164
4J97,0 49 45 23 217 27 176 62 88 30
ed97,12 23 45 2 20 19 18 7 22 11
O997,2 45 17 7 19 51 56 77 12 30
Bx97,0 1 23 21 15 27 36 119 24 19
N297,7 2 30 21 23 22 26 15 20 61
rd97,8 12 3 93 13 62 26 0 52 210
OA97,3 4 13 10 45 38 6 51 137 21
z497,41 13 66 54 837 2315 1781 1737 2151 2217
Qt97,26 70 18 22 24 66 58 455 837 437
cs97,1188 3193 1262 3497 793 1650 263 1224 996 721
He97,14 34 2777 4 70 3653 392 10 163 216
Oe97,8 71 11 13 22 122 20 26 3 41
Ar97,17 19 2 7 83 95 30 75 12 48
Dg97,40 31 13 176 11 3 57 45 47 19
vN97,20 11 22 23 32 26 29 65 122 13
FF97,2058 646 77 2951 3 594 13 833 12 51
zw97,2 76 17 7 83 19 18 26 46 23
CO97,13 26 46 107 54 4 31 22 612 10
uW97,2 30 19 17 45 77 7 22 62 51
jC97,0 5 30 65 18 26 319 15 8 49
kh97,20 11 22 29 32 26 122 176 123 66
aS97,2 7 11 22 23 45 20 19 3 62
hE97,2 76 30 66 26 7 77 12 23 45
su97,5 3 16 144 384 81 190 57 71 58
6I97,2 62 7 83 10 19 13 22 45 17
v897,2 7 83 62 11 22 45 64 208 30
Jn97,26 20 29 11 22 65 32 211 21 176
CI97,2 15 7 53 22 4 19 23 10 11
1397,26 23 21 11 13 199 24 15 22 27
MO97,3 10 160 4 9 30 13 23 217 273
QG97,26 7 22 23 15 11 20 45 13 27
kE97,20 22 11 32 122 23 66 26 7 10
c797,45 2 30 23 21 20 26 7 22 53
gz97,0 1 36 27 94 5 10 11 4 7
KT97,0 10 31 9 11 26 1 45 13 21
tP97,30 7 2 15 11 67 18 12 22 44
EW97,7 2 30 19 64 20 15 48 31 165
YA97,19 12 30 2 17 7 23 26 45 11
WX97,19 17 26 64 2 46 31 176 656 48
BR97,3 13 8 34 4 111 56 51 77 23
MQ97,13 41 4 40 3 34 550 18 26 199
e297,5 15 8 660 83 163 84 441 169 19
NK97,40 348 31 137 30 45 13 117 77 833
6M97,519 5 15 101 71 8 31 27 62 57
Lw97,45 11 217 90 31 20 74 275 767 670
QV97,14 52 125 31 767 2308 70 2694 2260 1977
0D97,20 11 22 176 29 122 39 13 26 10
XQ97,41 23 64 19 20 119 76 13 49 15
xN97,460 30 46 13 41 10 2 179 66 62
uN97,45 31 1929 769 1711 1560 2391 3112 1327 5
DO97,13 4 22 10 11 26 3 9 41 30
9497,0 1 2 489 7 5 26 48 45 19
Ie97,10 20 11 34 9 4 22 15 7 30
9U97,46 44 2 7 109 138 114 20 30 15
i597,0 1 27 7 35 2 489 5 15 20
n797,20 32 22 11 176 66 30 256 65 122
Ee97,14 125 0 70 52 418 376 725 102 128
em97,0 36 94 1 11 185 10 31 13 23
pc97,19 2 17 7 48 30 20 75 11 345
CF97,217 2753 23 1262 670 211 793 844 1931 1408
IZ97,52 20 19 724 152 31 1274 123 11 45
nZ97,5 16 144 190 31 597 618 69 1 84
jf97,13 175 12 42 4 31 3 41 45 164
dt97,2 11 12 64 22 20 30 75 23 31
9j97,0 139 27 1 11 30 45 171 21 3070
Am97,20 22 26 32 15 10 9 31 34 176
Td97,13 22 12 20 26 45 1173 51 519 4
KV97,24 23 22 20 13 54 21 46 122 30
fG97,25 1 0 42 2372 66 19 35 48 28
8p97,12 79 15 23 0 20 67 10 21 376
8B97,195 34 54 10 109 104 57 40 13 23
SF97,2 7 49 30 5 44 23 19 76 65
lu97,2 18 101 30 7 22 23 17 11 13
bx97,1 0 9 5 7 23 35 10 2 30
eG97,2 7 22 23 11 15 12 21 122 20
5697,7 2 17 19 30 12 22 20 5 15
K297,83 2 7 11 62 30 20 76 22 3
FK97,2 7 44 46 64 30 65 22 23 62
E897,0 1 5 31 17 94 27 16 19 48
Ea97,1 0 27 5 30 7 15 176 2 13
kd97,45 2 174 7 61 83 489 41 135 12
nj97,8 926 769 570 325 847 2247 2751 334 374
Em97,15 13 660 8 4 239 22 34 242 40
WV97,1711 31 437 2628 2795 148 550 112 27 835
N197,3 6 10 4 20 11 9 8 13 34
mk97,31 62 26 13 65 40 15 8 176 32
k497,11 20 19 15 26 7 18 176 22 41
Hr97,2 64 7 46 44 119 20 113 15 23
bO97,0 27 176 23 30 45 13 1 93 21
Kt97,26 15 11 22 13 49 8 30 20 33
WO97,3 12 8 65 28 93 30 62 41 6
nY97,0 1 27 24 139 31 57 10 23 49
Ef97,0 11 26 102 23 13 3 10 30 15
aN97,2 7 0 48 1 35 19 23 21 119
gY97,30 7 22 2 101 58 15 11 76 46
rN97,3 4 13 10 6 41 9 38 28 33
o297,13 22 18 60 26 31 519 15 10 4
xS97,1061 2760 2789 1324 1999 594 456 1365 2320 3260
nE97,13 8 41 101 310 1731 1411 30 32 86
Zm97,58 53 15 163 11 13 30 22 20 10
Oj97,15 22 11 26 18 176 67 10 20 19
w697,10 9 37 4 34 3 21 26 13 15
Wm97,3 6 8 19 22 20 13 58 161 11
i197,3 4 13 6 10 8 9 20 33 38
Ni97,13 10 4 41 3 34 9 61 12 54
Yx97,0 63 44 23 80 335 94 64 68 31
9E97,22 29 32 20 23 11 21 93 112 122
IW97,3 4 10 9 13 19 38 6 33 22
sn97,2 17 19 7 20 48 30 64 15 46
Xt97,3 4 33 6 28 13 10 8 38 22
2r97,3 4 13 38 10 6 9 28 175 41
lU97,5 61 95 45 244 49 42 65 84 31
CR97,3 4 13 10 6 33 9 21 45 37
VE97,22 11 20 29 32 122 7 8 10 176
d797,175 13 4 10 32 19 89 8 30 71
rF97,4 28 13 10 30 21 23 18 9 53
eQ97,20 11 22 32 10 29 26 30 122 28
wf97,0 1 27 36 10 19 48 94 23 176
aC97,20 39 66 22 11 122 32 13 250 29
AJ97,23 21 24 18 15 0 49 27 22 13
vx97,7 19 2 0 1 17 26 11 48 46
OP97,66 39 65 648 216 31 40 24 13 32
F197,11 22 20 122 29 10 15 23 26 30
ig97,26 22 11 23 20 122 10 7 21 29
Yl97,19 2 30 17 0 7 26 22 35 29
6q97,2 7 12 64 23 11 22 17 46 45
3S97,20 11 26 22 32 10 66 41 29 28
dc97,20 22 176 11 15 32 23 30 65 137
Kx97,19 17 15 20 64 22 133 122 113 31
oB97,2 7 15 22 23 26 11 30 12 46
Zv97,0 31 26 44 5 1 77 139 145 7
sC97,2 7 17 45 48 3 61 27 21 23
vU97,0 1 5 10 26 31 11 69 46 23
F897,11 7 15 30 20 22 2 18 23 13
9a97,31 40 57 47 17 20 7 122 12 22
3m97,0 31 26 13 5 45 40 15 145 11
9H97,20 11 22 61 29 32 10 19 34 250
Xe97,211 13 1408 1731 2539 137 12 263 117 42
5o97,31 40 57 21 23 7 61 47 45 24
D697,0 1 36 5 4 10 185 15 19 17
rE97,39 20 11 22 15 176 27 45 29 66
GH97,8 3 13 9 77 86 44 53 61 329
qL97,53 7 31 2 22 15 10 48 20 83
Jc97,21 24 23 115 26 49 22 74 15 13
fK97,7 30 2 11 12 46 15 22 19 49
Ho97,1 0 19 36 11 7 27 48 35 30
KB97,15 10 18 4 46 40 31 9 22 26
6H97,4 22 9 71 10 7 8 38 33 30
pN97,19 20 22 82 103 13 40 44 118 61
re97,3 13 8 41 71 4 22 569 51 53
NG97,17 19 2 30 53 10 83 20 7 62
Ro97,10 4 37 9 26 0 28 15 33 30
ya97,15 2 11 22 7 18 13 30 64 20
FS97,3860 8 2753 3680 767 1163 1182 2742 1565 3097
JV97,8 6 3 13 4 161 111 51 71 10
4D97,2 17 75 19 13 76 30 41 40 46
Er97,10 26 4 22 71 34 176 45 13 160
tu97,22 20 11 32 13 9 122 110 29 33
t297,24 23 21 49 115 26 165 13 22 2
zK97,31 40 57 492 12 66 27 10 26 0
c197,4 10 9 13 3 34 41 11 15 22
pF97,3 6 4 289 420 1521 3688 2969 3409 389
i297,24 23 21 10 77 30 13 51 8 5
J797,45 62 10 11 137 12 83 22 90 51
5C97,5 0 16 254 31 40 26 93 49 102
JA97,293 8 19 54 261 22 32 40 137 77
xC97,13 175 45 89 3 12 8 54 77 56
6Z97,0 5 1 31 11 10 32 12 15 33
3C97,11 22 20 29 32 122 176 10 13 15
6U97,10 13 8 22 26 40 54 20 15 122
1l97,12 30 77 45 11 176 137 66 22 68
AH97,0 289 19 31 85 1 99 145 460 489
AW97,25 5 16 769 254 2372 618 41 951 26
J997,133 122 8 325 41 93 217 26 54 13
2Q97,20 11 22 29 32 122 4 26 10 112
wq97,8 3 594 86 65 1111 3283 122 1169 1758
EL97,12 37 4 86 45 112 18 8 41 381
as97,8 18 26 13 40 10 4 9 15 22
mZ97,5 169 84 16 405 618 83 31 144 71
D297,20 34 30 22 11 7 88 10 163 2
yA97,31 45 26 137 21 49 23 302 41 51
KP97,12 11 30 45 40 64 26 75 31 41
LG97,17 19 2 76 26 7 12 10 83 30
9o97,101 18 22 49 30 26 43 7 141 11
by97,0 31 44 40 21 23 148 41 22 2777
tH97,2 45 17 5 61 12 7 64 75 62
bV97,0 46 107 10 2 9 27 15 44 12
1i97,40 31 47 3597 57 242 405 3818 1612 660
6s97,19 17 110 329 0 89 53 52 41 31
7297,0 23 19 10 26 65 40 15 30 57
3j97,11 15 18 23 176 20 7 13 30 35
hp97,0 42 1 13 5 30 95 21 23 8
6v97,30 83 110 77 46 23 45 40 217 20
S297,0 1 35 7 2 11 19 27 48 30
rt97,30 7 2 26 21 15 23 22 11 13
X597,10 4 13 239 9 15 34 41 77 318
SV97,83 696 660 2068 533 5 546 973 922 34
me97,5 16 15 26 11 18 12 7 10 33
Wp97,0 27 5 1 67 176 33 15 11 58
uM97,12 22 31 40 102 26 20 47 51 10
9x97,8 20 11 12 22 52 46 19 62 176
7r97,2 46 15 7 12 30 44 11 20 18
L697,12 22 31 112 20 23 45 5 137 26
5Z97,3 4 9 13 45 71 137 38 40 148
YW97,4 3 10 8 11 26 6 20 176 13
lq97,5 83 16 71 362 169 30 45 533 84
YM97,13 3 4 99 41 31 40 242 54 22
Gl97,3 4 13 38 10 33 45 41 8 6
f897,8 133 325 21 24 137 3818 102 3070 1127
Mv97,31 40 57 47 64 7 3 22 23 10
Jy97,12 0 52 7 57 70 30 31 2 28
Si97,3 4 13 122 20 175 41 61 45 112
0p97,2 7 20 11 23 48 21 30 45 26
c097,22 30 23 11 32 122 29 7 2 20
lw97,14 70 376 52 0 36 125 2308 17 266
ZA97,27 19 11 26 42 7 22 13 12 23
1u97,4 3 13 41 33 54 22 10 11 20
cb97,31 10 19 11 15 30 7 20 24 48
T897,22 23 26 21 571 30 7 10 41 0
EC97,1 24 0 21 23 36 27 45 94 31
By97,26 23 21 570 24 13 11 15 217 20
Fr97,23 24 21 122 26 15 49 32 22 112
Fg97,0 26 23 11 21 45 13 10 1 9
Az97,3 4 13 6 10 9 38 21 8 33
DY97,13 100 244 1830 229 1103 337 3696 199 2412
FE97,46 44 15 2 7 23 10 64 138 119
YQ97,5 61 45 49 30 11 176 725 62 46
in97,4 3 13 10 38 9 6 28 33 23
KW97,0 21 27 24 15 23 48 45 94 31
Sa97,26 15 13 19 1731 44 46 22 189 612
ga97,0 1 5 26 9 48 20 30 31 65
8697,23 21 26 15 24 13 65 40 62 18
Yk97,30 2 46 195 13 23 45 7 19 22
qX97,169 814 362 41 273 105 238 163 239 2370
Vy97,8 41 3797 1790 840 496 1617 152 3 849
hC97,23 21 24 15 26 11 18 49 20 30
vT97,25 31 11 7 22 45 0 30 12 29
Op97,289 12 84 641 1534 31 69 836 482 30
6K97,3 4 13 6 10 38 9 8 22 33
Zt97,31 40 65 7 833 22 57 10 61 23
m897,0 1 5 15 27 242 35 30 238 49
Ny97,0 26 13 102 23 11 38 489 27 22
S897,15 13 27 489 19 145 163 22 10 51
qz97,5 84 71 169 362 144 83 16 132 533
4F97,2 7 48 19 17 20 30 35 26 11
LU97,24 21 23 31 13 49 115 15 131 343
rI97,3 4 10 9 13 6 38 33 23 21
AR97,19 2 7 13 22 20 23 15 17 26
4q97,22 15 20 11 18 26 23 176 32 9
JS97,1 0 27 11 23 19 35 15 30 62
C097,14 1604 3455 2762 3001 2063 1673 1790 3435 1389
6i97,4 3 38 10 13 28 15 21 9 33
p897,2 30 7 26 22 23 19 15 11 64
4s97,2 7 48 19 17 30 26 53 15 20
B097,2 7 45 22 11 23 20 21 64 61
0O97,11 20 22 29 32 26 176 123 122 10
Gz97,10 11 7 13 8 41 4 22 31 34
4b97,0 36 1 17 52 489 30 19 418 125
8w97,4 10 26 13 9 5 7 34 41 11
g497,19 2 17 7 75 13 22 77 48 53
NW97,13 8 11 20 77 19 66 22 12 30
dH97,88 7 65 364 20 15 53 50 22 61
NZ97,0 1 35 48 7 19 2 85 27 17
lY97,14 4 5 38 41 163 340 37 33 9
jG97,2 44 7 46 64 113 119 15 30 20
Aa97,7 10 2 3 4 22 33 28 9 38
qA97,3 4 13 6 9 38 41 61 51 20
bX97,15 18 2 7 27 23 46 30 65 0
oE97,23 24 21 26 15 13 489 74 115 1
4S97,3295 1416 2794 769 2430 3206 924 8 594 836
Hj97,3 4 10 33 9 15 13 23 38 26
fZ97,13 176 26 23 27 31 62 15 63 45
8t97,15 18 46 13 23 30 40 44 199 179
KS97,7 10 11 8 23 26 48 12 20 29
ii97,23 24 11 21 22 176 20 26 45 29
MB97,1 0 35 17 7 27 36 144 19 48
1b97,15 4 18 10 9 26 23 163 22 59
6497,0 1 35 48 5 19 7 27 12 16
uP97,10 34 9 4 22 37 18 12 26 51
YD97,30 144 83 0 2 670 41 31 95 5
QQ97,2 46 44 7 114 109 107 138 23 30
8297,5 169 144 328 84 61 71 2370 3053 16
xj97,5 144 190 384 16 57 31 7 30 0
Oz97,8 13 6 19 20 3 11 26 10 122
Ih97,45 51 77 0 56 137 23 295 62 11
yR97,0 12 27 50 489 42 61 19 91 198
7f97,2 22 11 46 23 7 15 20 49 21
w097,14 1831 3605 1550 1061 3288 3744 2962 2923 3075
E197,1 0 27 42 18 144 50 66 8 38
mq97,8 2984 3695 1758 696 348 2058 1491 2412 2765
gC97,30 55 2 17 58 53 5 15 19 22
eg97,31 25 57 0 15 35 44 66 12 159
Wi97,2 30 17 19 55 7 165 11 15 22
hB97,2 7 19 17 30 45 62 10 22 176
8D97,8 15 10 54 13 31 23 62 18 34
cM97,2 7 83 15 101 18 17 174 48 12
m497,11 20 22 15 2 30 7 32 29 53
1097,0 1 27 5 94 36 23 42 16 15
7k97,40 31 57 46 61 47 10 15 88 34
o197,99 660 31 2068 533 242 441 5 57 470
DA97,19 2 17 48 7 20 30 26 1 53
aY97,23 24 21 26 74 30 115 13 15 22
vB97,22 11 428 32 62 105 40 45 50 29
o397,0 1 19 17 5 9 10 31 23 3
Kq97,3 4 10 13 6 41 9 45 20 38
GX97,8 62 26 45 31 255 195 12 47 646
lW97,2 30 7 83 19 18 15 17 53 64
Ug97,0 85 27 31 10 114 1 30 20 34
Sw97,20 22 2 26 7 11 122 176 32 30
bR97,11 22 62 7 26 2 29 20 15 23
dX97,1 0 35 36 19 7 17 48 185 27
9h97,49 65 41 580 15 169 163 5 400 66
U397,10 4 9 34 3 22 13 11 15 20
Q997,13 4 22 54 164 33 15 23 41 3
E597,19 17 2 30 48 26 45 40 7 10
I697,0 33 381 13 7 30 31 86 34 5
1y97,7 2 48 30 23 45 26 11 35 20
y497,22 20 61 11 29 122 32 45 8 62
px97,3 4 6 10 13 17 28 22 23 9
I197,0 1 19 10 17 48 7 30 27 11
9y97,19 0 13 17 8 1 20 22 26 11
qM97,2 30 0 17 55 48 7 19 67 26
a097,30 0 137 1327 56 77 51 61 17 83
Su97,4 10 22 13 9 3 23 34 26 33
uk97,13 40 22 4 47 8 31 140 3 117
IK97,24 21 26 23 176 1 15 48 61 11
dQ97,10 15 45 18 0 139 7 174 49 51
Gg97,4 13 10 3 46 101 41 33 23 76
VG97,0 1 69 5 42 41 31 26 7 13
ic97,23 19 11 22 122 0 20 30 62 31
Uw97,123 0 44 62 67 45 21 23 489 26
BV97,13 41 54 1731 4 46 3 217 34 44
x097,0 1 11 48 20 22 5 26 176 7
xq97,1551 3024 5 836 86 859 198 949 2957 2430
Oc97,15 22 89 175 26 83 19 12 10 61
ai97,12 40 125 52 77 23 34 110 2109 1764
xy97,7 1 26 0 23 24 22 176 191 5
Ej97,11 22 20 23 19 10 4 48 176 26
JR97,3 45 492 6 1360 3721 31 1982 295 2569
4n97,0 1 27 319 18 1722 53 459 42 41
5M97,31 12 84 46 45 113 1475 83 109 198
vt97,23 24 21 115 122 10 20 302 49 34
5597,2 7 49 31 76 174 45 30 48 12
q197,1197 8 2386 261 110 3111 2440 673 2219 2537
uS97,0 27 1 23 119 64 176 63 15 12
D997,26 22 41 80 27 19 10 40 29 11
W497,10 13 4 3 41 22 20 8 9 54
Q797,28 38 4 33 10 9 12 163 13 30
8j97,12 0 376 1831 31 3067 1061 1539 1367 2412
Rg97,22 20 23 11 32 15 31 18 48 29
Qq97,11 5 30 176 26 31 16 15 45 69
PK97,2686 8 348 3697 45 304 108 1005 2167 77
Ve97,12 11 22 46 20 30 13 31 45 57
Hf97,13 4 12 22 15 10 20 62 29 26
1297,26 23 21 13 24 15 22 49 10 27
6197,11 18 22 15 13 20 9 4 10 26
N697,9 10 4 37 3 33 13 22 15 34
E797,169 5 84 2973 14 16 612 405 50 31
Fc97,11 22 20 23 21 122 26 30 32 29
Sk97,5 1 0 16 13 4 31 190 144 17
fJ97,18 163 238 15 45 9 31 13 101 30
0I97,2 7 15 30 44 119 64 18 46 23
0E97,26 23 21 11 20 22 24 15 7 30
aV97,15 13 30 7 12 195 31 11 22 53
Ky97,10 4 13 9 26 263 22 33 15 154
oZ97,66 22 53 65 648 791 2122 2539 326 77
3L97,0 1 23 24 31 94 21 85 46 119
qi97,2 17 7 30 19 26 64 28 48 45
q697,23 13 54 63 45 27 21 24 30 49
LH97,3 4 9 10 37 6 8 34 19 13
hM97,21 23 24 22 15 18 10 7 31 45
Xc97,15 7 2 19 30 58 18 45 20 22
DF97,22 20 11 15 7 29 32 19 176 35
PI97,10 15 27 30 11 53 4 3 9 23
mh97,195 31 401 30 12 11 13 176 17 19
9b97,2 7 17 23 19 12 22 11 30 48
Hh97,5 16 0 242 45 31 23 33 26 11
Kd97,9 10 37 4 34 101 26 12 13 30
cx97,14 328 1995 3619 152 911 329 836 1418 83
ur97,0 1 27 11 35 23 24 7 48 5
0M97,257 8 2406 2537 3048 215 3029 568 1087 3022
oq97,62 2 22 20 7 11 45 46 83 64
KR97,45 2 7 51 22 11 15 53 23 0
pV97,45 2 77 51 56 7 137 23 295 11
P097,5 22 26 41 13 104 14 34 4 33
Q297,5 16 328 244 84 81 597 169 2737 2068
Rk97,20 62 176 11 0 48 31 169 84 30
dh97,58 19 15 12 52 34 83 20 2 53
T597,5 0 31 30 11 52 93 26 21 23
JG97,22 27 21 23 7 45 30 11 24 61
Wr97,169 660 8 15 71 13 5 23 11 239
Hc97,5 16 69 1612 1710 31 144 8 662 106
Ot97,26 9 4 27 10 33 7 0 5 18
3897,14 182 71 152 31 634 132 38 57 78
2L97,30 13 15 51 49 88 137 22 43 77
TH97,19 0 48 1 35 17 7 85 258 460
HI97,1 0 5 27 13 15 26 20 16 4
vc97,8 325 6 26 23 66 30 10 93 13
8r97,20 11 22 29 176 26 15 32 122 23
mS97,0 1 50 65 83 24 5 25 35 16
Qs97,15 18 13 101 67 87 46 26 23 10
cf97,23 26 21 24 15 13 46 49 95 65
iQ97,17 76 2 182 10 15 281 392 4 30
fx97,0 12 23 31 19 13 15 57 7 10
cO97,1150 1132 512 13 8 1473 1478 3045 3219 3189
Bj97,0 1 5 489 12 30 61 49 27 50
8197,31 47 40 57 7 3 11 13 41 22
U297,8 1471 3100 2235 1395 3290 2003 492 1438 3465
f797,25 660 487 618 31 2372 323 223 5 258
zx97,3 4 10 9 13 38 28 18 30 33
uw97,3 4 13 22 9 10 6 38 28 41
OS97,0 1 42 48 5 100 23 26 69 19
H297,2 7 83 11 62 30 10 23 22 13
rh97,0 1 42 119 30 27 933 2283 31 972
AP97,15 18 22 101 43 2 59 46 19 11
Vi97,2 19 17 30 7 48 11 20 55 53
zv97,1897 3474 3790 3587 1163 836 2406 1830 2479 3687
BS97,23 21 24 61 176 1 26 7 15 45
W597,0 12 16 769 27 5 319 13 337 1372
n897,21 23 24 1 26 61 74 199 489 0
2U97,0 27 1 23 36 489 21 5 61 83
Ed97,2 7 46 15 44 145 45 114 5 138
gQ97,3 77 41 492 2315 353 2479 8 1745 2136
6697,13 4 3 20 41 26 8 23 176 33
Qi97,9 37 10 34 4 7 26 30 46 3
KX97,12 31 34 110 134 11 315 26 13 367
WY97,11 176 123 20 13 26 38 15 22 7
Th97,23 13 15 11 45 26 4 21 40 18
iz97,31 40 47 57 3 13 51 10 45 7
sJ97,11 26 20 29 22 13 10 15 49 32
ow97,22 23 29 20 11 7 15 26 32 2
XR97,0 139 30 21 27 18 148 107 23 31
i397,8 77 12 34 51 325 849 2753 31 45
G297,23 9 26 61 221 13 211 10 80 34
Cm97,13 2713 10 23 4 0 395 31 45 21
uU97,20 11 22 29 32 26 122 66 10 176
Te97,42 306 33 262 31 27 0 51 41 102
k797,21 217 23 22 61 30 19 62 166 53
9t97,65 66 1928 569 400 115 102 93 20 40
V997,14 70 376 52 125 30 266 2308 17 437
fe97,3 4 8 13 6 21 23 137 144 41
Dt97,0 27 1 5 26 30 15 176 45 23
t797,1 0 27 5 17 16 11 13 48 176
QT97,0 1 91 12 13 79 23 19 42 18
vp97,13 3 8 4 10 41 33 54 71 22
Uv97,2 7 48 1 0 17 19 35 30 28
yH97,1 0 36 27 21 94 23 45 15 19
4z97,3 8 12 72 22 57 86 2753 18 62
oG97,11 23 13 122 49 19 26 24 176 44
cD97,1 0 27 35 45 13 28 65 7 20
cL97,5 144 169 618 16 84 362 384 132 973
mU97,20 22 7 2 11 19 23 122 48 21
kj97,22 724 45 112 62 101 31 83 46 19
ma97,10 4 9 45 37 23 33 40 61 8
6f97,13 33 38 725 922 163 28 239 176 127
4697,3 4 38 28 9 33 13 10 6 41
R197,11 22 15 23 20 4 10 46 31 0
I297,4 13 10 8 26 45 11 65 9 66
ZW97,4 9 10 37 3 13 33 34 23 45
Nc97,4 3 10 13 31 9 28 144 53 30
PO97,8 22 23 11 26 24 31 74 113 30
R097,5 15 16 169 22 7 53 67 54 61
f697,2 30 17 55 53 7 19 58 15 163
jw97,0 27 11 24 119 23 22 1 42 49
cU97,26 23 7 49 65 13 18 181 15 40
nO97,2 19 7 17 48 10 15 20 12 46
PZ97,0 1 5 69 31 48 144 7 41 42
IR97,0 1 11 5 45 35 22 20 57 26
cq97,5 4 144 53 41 384 18 670 10 34
CX97,10 9 30 20 51 56 12 31 23 13
Og97,0 64 69 93 17 19 55 34 102 159
9B97,0 19 12 27 30 225 22 67 401 11
YO97,11 20 22 32 112 29 12 2 26 7
